ilce,ad,firsat_puani,talep,erisim_acigi,konfor_acigi,kupon_duyarliligi,ilk10_yuzde,medyan_sira,oneri,zirve_binis,nufus_15_64,medyan_istasyon_mesafesi_m,zirve_hiz_kmh,zirve_otobus_yuku
SULTANBEYLI,Sultanbeyli,78.71825241169269,40.77359098828438,100.0,85.94470046082951,100.0,100.0,1.0,Paylaşımlı araç / mikro-servis,39545.0,248997,6389.622075845551,53.17158335183999,1.298
SANCAKTEPE,Sancaktepe,77.91651695701339,54.00482742474615,98.05522976863205,88.36405529953917,68.04990649410084,100.0,2.0,Paylaşımlı araç / mikro-servis,68284.0,349831,5038.763020893314,51.615630272200086,1.319
KUCUKCEKMECE,Küçükçekmece,68.10399013575199,70.14644408928449,67.33460683794004,82.14285714285714,42.159737145802254,100.0,4.0,Scooter / e-bisiklet,123398.0,574134,1555.31936080187,30.30073592024884,1.265
ESENYURT,Esenyurt,66.41986427934528,74.76821192052981,79.46189938825206,45.39170506912442,58.686030796197386,94.56,5.0,Scooter / e-bisiklet,81477.0,688927,2468.142580584926,42.23536415130354,0.946
SULTANGAZI,Sultangazi,65.10296753767054,47.13376988229873,64.09179541022948,83.17972350230416,72.93578049557364,99.78,6.0,Scooter / e-bisiklet,59855.0,376274,1309.738362395763,42.51680557386676,1.274
CEKMEKOY,Çekmeköy,65.09462335576833,35.14305950575325,93.402618697403,83.29493087557603,38.047914506183055,96.96000000000001,6.0,Paylaşımlı araç / mikro-servis,47946.0,216232,4343.091999793373,74.31864545582522,1.275
UMRANIYE,Ümraniye,64.6075264741659,71.41220703504229,47.97670372891612,94.00921658986177,35.256993983419484,94.94,6.0,Scooter / e-bisiklet,155960.0,531239,965.0873874978548,32.277568146046505,1.368
BAHCELIEVLER,Bahçelievler,62.656690200197524,45.886570920968914,61.48028962188255,95.04608294930877,44.567408666765935,98.5,7.0,Scooter / e-bisiklet,70862.0,414487,1326.491663696544,27.68873701216601,1.377
BASAKSEHIR,Başakşehir,58.49983861742016,41.736484466248164,58.86103389355027,95.27649769585254,30.009724570116646,65.60000000000001,10.0,Scooter / e-bisiklet,126488.0,356676,1307.8345573701358,51.61848066779508,1.379
BEYKOZ,Beykoz,58.397419039150066,34.422004007638144,100.0,57.37327188940093,24.849999096722573,63.480000000000004,10.0,Paylaşımlı araç / mikro-servis,55311.0,178169,6966.990467094624,68.74483804228674,1.05
SARIYER,Sarıyer,53.469298986938696,37.84015962968274,78.5588484703529,64.97695852534564,15.369046170610654,4.9399999999999995,13.0,Scooter / e-bisiklet,111824.0,255819,2242.696699483794,57.0822050929253,1.116
KAGITHANE,Kağıthane,53.32745851604833,52.18147727094516,29.006882989183875,93.20276497695853,37.801727958466564,18.48,13.0,Düşük öncelik,90830.0,339880,729.1751305783198,31.65572268346992,1.361
BAGCILAR,Bağcılar,53.315885154215124,50.80182389449229,24.57496998967086,88.1336405529954,57.796245671448865,23.64,13.0,Scooter / e-bisiklet,100357.0,517162,616.4592297781418,28.51497967335017,1.317
AVCILAR,Avcılar,52.56989936310567,38.12775914852718,65.24131776604447,65.09216589861751,35.24089876053196,0.0,15.0,Scooter / e-bisiklet,82206.0,316141,1681.854854983299,33.49321584012255,1.117
ARNAVUTKOY,Arnavutköy,52.407271352948484,19.584122011540867,98.43478912091066,29.838709677419363,63.61280395905457,23.48,15.0,Paylaşımlı araç / mikro-servis,32700.0,228614,7158.021169502346,70.40873520270115,0.811
PENDIK,Pendik,51.75367706749968,62.073901866820805,58.779521146642054,38.70967741935484,38.801538724147406,9.32,15.0,Scooter / e-bisiklet,112335.0,536067,1282.434929785643,53.03506346378615,0.888
USKUDAR,Üsküdar,51.42209298139516,61.855037071493,45.01530847628235,63.59447004608296,23.082478703612082,3.2399999999999998,16.0,Scooter / e-bisiklet,344107.0,379652,898.5733515333401,27.818681204291785,1.104
ATASEHIR,Ataşehir,50.78919213850995,41.25920941374896,50.014015136347254,73.15668202764978,34.12036177712422,0.0,17.0,Scooter / e-bisiklet,95450.0,306092,1006.9967758793058,27.925960135413053,1.187
TUZLA,Tuzla,47.57233273213543,28.859159061563716,85.23634793870062,37.672811059907836,26.16985244719444,1.04,20.0,Paylaşımlı araç / mikro-servis,40700.0,213608,3498.258113628872,59.82309897860027,0.879
ESENLER,Esenler,45.65654783853529,29.38178398613812,24.167013125853774,78.57142857142857,66.32701041387058,0.33999999999999997,21.0,Düşük öncelik,44400.0,311274,639.0920841080225,38.40776610926917,1.234
GAZIOSMANPASA,Gaziosmanpaşa,44.654585873612405,41.95010727610547,11.963599933210885,77.88018433179724,60.069517519121284,0.16,22.0,Scooter / e-bisiklet,54989.0,348743,628.3090509228813,25.27512856094413,1.228
BESIKTAS,Beşiktaş,44.485043281541266,27.417218543046353,37.91695030633084,99.53917050691244,0.0,0.5,22.0,Scooter / e-bisiklet,109279.0,121375,763.8520639575175,29.639631588437737,1.416
MALTEPE,Maltepe,44.02720360407982,54.180404533227595,50.04725491880746,37.903225806451616,21.887328779042683,0.0,22.0,Scooter / e-bisiklet,125080.0,386693,1006.400951852926,35.710339308900124,0.881
BUYUKCEKMECE,Büyükçekmece,41.16890006360409,22.25528688610287,93.6310002681684,8.87096774193548,27.901813212258915,1.04,24.0,Paylaşımlı araç / mikro-servis,42043.0,195503,7291.234065313891,58.95460235777012,0.629
ZEYTINBURNU,Zeytinburnu,39.950926877109225,27.990601952253357,9.73451327433628,87.32718894009219,45.34396716072858,0.0,25.0,Düşük öncelik,131839.0,204955,426.2086043044631,31.588066880537244,1.31
GUNGOREN,Güngören,39.22453502617959,24.752759241875694,5.730451182358907,92.85714285714288,45.76857456415661,0.0,26.0,Scooter / e-bisiklet,54408.0,198033,565.2482359865768,23.931465871616084,1.358
KARTAL,Kartal,36.953132463832894,38.482568076266475,34.47901798458464,44.58525345622119,26.12228854348175,0.0,27.0,Düşük öncelik,93573.0,346402,797.4753832622289,39.93764561632783,0.939
EYUPSULTAN,Eyüpsultan,35.32062674037451,40.423826263864115,32.97852589887989,32.94930875576036,33.750626017408145,0.0,29.0,Düşük öncelik,116236.0,307373,640.7961186270898,59.76037934843628,0.838
SISLI,Şişli,35.26668995392265,37.30016966558084,4.608779462016994,71.77419354838712,31.669712190310168,0.0,29.0,Scooter / e-bisiklet,288671.0,199894,356.2693843341026,26.07760549426533,1.175
FATIH,Fatih,35.139183074682585,26.118902055384794,7.592771621923101,63.47926267281107,61.039102021916314,0.0,30.0,Düşük öncelik,418154.0,254213,290.9302763117024,31.006723549108752,1.103
BEYOGLU,Beyoğlu,34.939897123414006,15.711916795861008,11.324051631813306,60.944700460829495,77.28620986602891,0.0,30.0,Scooter / e-bisiklet,126247.0,163391,477.7256635993828,28.721994373948853,1.081
BEYLIKDUZU,Beylikdüzü,34.01283117361338,21.451998586890287,86.08483368935,0.0,11.67854327160861,0.0,31.0,Scooter / e-bisiklet,42036.0,288862,2562.7717156864587,38.66346809423961,0.552
KADIKOY,Kadıköy,32.2770479261528,37.89524586783494,7.6272123893805315,73.38709677419357,1.8235750362651058,0.0,32.0,Scooter / e-bisiklet,246895.0,322310,502.1476943774306,25.644891071383224,1.189
BAKIRKOY,Bakırköy,28.407968250911708,10.03282331909209,0.5701157249829797,100.0,1.5139102512612335,0.0,34.0,Düşük öncelik,168032.0,152784,390.48575642026606,38.53869569108036,1.42
BAYRAMPASA,Bayrampaşa,25.40127683484902,9.308468651330626,0.0,71.42857142857143,31.677289215379822,0.0,35.0,Düşük öncelik,53402.0,196847,429.9789674971861,33.64142049571564,1.172
