ilce,gunluk_binis,zirve_binis,abonman_payi,sabah_zirve_payi,aktarma_orani,nufus,nufus_15_64,calisma_cagi_payi,kisi_basi_zirve_binis,ad,zirve_otobus_yuku,hat_sayisi,durak_sayisi,medyan_istasyon_mesafesi_m,uzak_durak_payi,zirve_hiz_kmh,gun_ortasi_hiz_kmh,hucre_sayisi,sikisiklik_orani,sosyal_yardim_hane,sosyal_yardim_binde
FATIH,687088.0,418154.0,0.402,0.203,0.117,356025,254213,0.714,1.645,Fatih,1.103,110,238,290.93027631170236,0.08403361344537816,31.006723549108752,33.8521286575139,31.0,0.915946050625281,7546,21.195140790674813
USKUDAR,526823.0,344107.0,0.504,0.279,0.088,517348,379652,0.734,0.906,Üsküdar,1.104,113,633,898.5733515333401,0.4549763033175355,27.818681204291785,30.806788262227478,63.0,0.9030049146148922,4651,8.99008017813928
SISLI,435463.0,288671.0,0.492,0.227,0.082,264736,199894,0.755,1.444,Şişli,1.175,136,202,356.2693843341026,0.054455445544554455,26.07760549426533,29.313850819615524,20.0,0.8896001298067383,3111,11.751329626495831
KADIKOY,391569.0,246895.0,0.419,0.233,0.074,467919,322310,0.689,0.766,Kadıköy,1.189,100,320,502.1476943774306,0.084375,25.644891071383224,28.25909525956956,46.0,0.9074915822968157,1008,2.154218999442211
BAKIRKOY,257984.0,168032.0,0.384,0.263,0.068,220476,152784,0.693,1.1,Bakırköy,1.42,73,208,390.48575642026606,0.014423076923076924,38.538695691080356,43.656493469775185,45.0,0.8827712128955559,453,2.0546454035813424
UMRANIYE,243968.0,155960.0,0.458,0.296,0.071,723760,531239,0.734,0.294,Ümraniye,1.368,101,702,965.0873874978549,0.4843304843304843,32.277568146046505,39.73438756690328,78.0,0.8123333495879039,9340,12.904830330496297
ZEYTINBURNU,208245.0,131839.0,0.442,0.25,0.083,280896,204955,0.73,0.643,Zeytinburnu,1.31,60,133,426.20860430446305,0.10526315789473684,31.588066880537244,36.149936504956685,19.0,0.8738069809944495,4536,16.148325358851675
BASAKSEHIR,184421.0,126488.0,0.417,0.297,0.077,509915,356676,0.699,0.355,Başakşehir,1.379,82,694,1307.8345573701358,0.5922190201729106,51.61848066779508,53.84886986582642,81.0,0.9585805755331778,5720,11.21755586715433
BEYOGLU,208358.0,126247.0,0.406,0.2,0.089,218589,163391,0.747,0.773,Beyoğlu,1.081,126,157,477.7256635993828,0.12101910828025478,28.721994373948853,29.485106453426052,17.0,0.974118727341799,5775,26.419444711307523
MALTEPE,192716.0,125080.0,0.461,0.318,0.076,523137,386693,0.739,0.323,Maltepe,0.881,72,515,1006.400951852926,0.5048543689320388,35.710339308900124,40.57316009986859,77.0,0.8801468562222193,4502,8.605776307162369
KUCUKCEKMECE,191467.0,123398.0,0.425,0.314,0.032,792030,574134,0.725,0.215,Küçükçekmece,1.265,63,454,1555.31936080187,0.6762114537444934,30.30073592024884,34.23712873594884,64.0,0.8850256151425804,11979,15.1244271050339
EYUPSULTAN,180183.0,116236.0,0.441,0.258,0.079,420194,307373,0.732,0.378,Eyüpsultan,0.838,108,572,640.7961186270898,0.3356643356643357,59.76037934843628,61.04527125495448,132.0,0.9789518191973975,5219,12.420453409615558
PENDIK,171163.0,112335.0,0.408,0.325,0.064,743774,536067,0.721,0.21,Pendik,0.888,71,815,1282.434929785643,0.5914110429447853,53.035063463786145,57.9045926161159,95.0,0.9159042671345127,10446,14.044588813268547
SARIYER,180584.0,111824.0,0.46,0.272,0.093,344250,255819,0.743,0.437,Sarıyer,1.116,71,814,2242.696699483794,0.7874692874692875,57.0822050929253,60.481446108729884,141.0,0.9437969619692355,2241,6.509803921568627
BESIKTAS,173313.0,109279.0,0.491,0.222,0.074,169022,121375,0.718,0.9,Beşiktaş,1.416,93,260,763.8520639575175,0.38461538461538464,29.639631588437737,35.98161710682408,32.0,0.8237437328189577,265,1.5678432393416242
BAGCILAR,148220.0,100357.0,0.363,0.37,0.062,719071,517162,0.719,0.194,Bağcılar,1.317,58,317,616.4592297781418,0.25236593059936907,28.514979673350172,32.260736993226125,43.0,0.8838911423299951,14491,20.15239107125722
ATASEHIR,150206.0,95450.0,0.446,0.277,0.084,416529,306092,0.735,0.312,Ataşehir,1.187,88,442,1006.9967758793058,0.504524886877828,27.925960135413053,33.80732640851659,47.0,0.8260327894008819,5223,12.539342998926847
KARTAL,148270.0,93573.0,0.407,0.311,0.049,475042,346402,0.729,0.27,Kartal,0.939,64,465,797.4753832622289,0.35053763440860214,39.93764561632783,44.34325461327992,42.0,0.9006475948738165,4735,9.967539712278073
KAGITHANE,141923.0,90830.0,0.48,0.306,0.052,445672,339880,0.763,0.267,Kağıthane,1.361,79,297,729.1751305783198,0.2962962962962963,31.65572268346992,38.85640255236903,24.0,0.814684855109931,6116,13.723096806620115
AVCILAR,132432.0,82206.0,0.424,0.323,0.019,437221,316141,0.723,0.26,Avcılar,1.117,44,238,1681.854854983299,0.6554621848739496,33.49321584012255,37.06742895000506,40.0,0.9035753703149131,5640,12.89965486561716
ESENYURT,126591.0,81477.0,0.377,0.305,0.025,978007,688927,0.704,0.118,Esenyurt,0.946,52,447,2468.142580584926,0.796420581655481,42.23536415130354,47.56995754606859,43.0,0.8878579324020034,19989,20.438504018887393
BAHCELIEVLER,110538.0,70862.0,0.402,0.279,0.033,567848,414487,0.73,0.171,Bahçelievler,1.377,65,220,1326.491663696544,0.6181818181818182,27.68873701216601,30.426046377009655,31.0,0.9100340106326796,9028,15.898620757667546
SANCAKTEPE,106109.0,68284.0,0.483,0.295,0.061,492804,349831,0.71,0.195,Sancaktepe,1.319,76,415,5038.763020893314,0.980722891566265,51.615630272200086,58.036228993329495,50.0,0.8893691262768404,11556,23.449484987946526
SULTANGAZI,92107.0,59855.0,0.432,0.327,0.063,532802,376274,0.706,0.159,Sultangazi,1.274,47,236,1309.738362395763,0.6440677966101694,42.516805573866755,45.57001354082723,31.0,0.9329996256370423,13331,25.02055172465569
BEYKOZ,93437.0,55311.0,0.491,0.27,0.066,245647,178169,0.725,0.31,Beykoz,1.05,54,1041,6966.990467094624,1.0,68.74483804228674,70.12090455029441,99.0,0.980375802097352,2348,9.558431407670357
GAZIOSMANPASA,83136.0,54989.0,0.423,0.294,0.085,483830,348743,0.721,0.158,Gaziosmanpaşa,1.228,37,212,628.3090509228813,0.12735849056603774,25.27512856094413,27.495780692926235,18.0,0.9192366219100152,10104,20.88336812516793
GUNGOREN,83539.0,54408.0,0.43,0.286,0.1,269944,198033,0.734,0.275,Güngören,1.358,40,122,565.2482359865768,0.06557377049180328,23.931465871616084,26.524020648647802,12.0,0.9022563429815499,4396,16.284859081883653
BAYRAMPASA,80808.0,53402.0,0.353,0.33,0.045,268850,196847,0.732,0.271,Bayrampaşa,1.172,34,114,429.9789674971861,0.008771929824561403,33.64142049571564,38.0839693034996,17.0,0.8833485876332822,3160,11.753766040543054
CEKMEKOY,73442.0,47946.0,0.471,0.358,0.091,299806,216232,0.721,0.222,Çekmeköy,1.275,41,367,4343.091999793373,0.9346049046321526,74.31864545582522,76.58920942841365,89.0,0.9703539964763485,4138,13.802258794020132
ESENLER,68152.0,44400.0,0.383,0.359,0.035,427901,311274,0.727,0.143,Esenler,1.234,54,149,639.0920841080225,0.2483221476510067,38.40776610926917,42.61843651238203,29.0,0.9012007303015556,9797,22.895482833646103
BUYUKCEKMECE,69198.0,42043.0,0.419,0.283,0.025,276572,195503,0.707,0.215,Büyükçekmece,0.629,34,396,7291.234065313891,0.9368686868686869,58.95460235777012,60.6131975401909,80.0,0.9726364018113215,2915,10.539750950927786
BEYLIKDUZU,64727.0,42036.0,0.357,0.346,0.026,409347,288862,0.706,0.146,Beylikdüzü,0.552,26,377,2562.7717156864587,0.8620689655172413,38.66346809423961,45.056492587724414,16.0,0.8581109152906728,2179,5.323112176222129
TUZLA,62672.0,40700.0,0.441,0.292,0.038,293604,213608,0.728,0.191,Tuzla,0.879,26,533,3498.258113628872,0.8536585365853658,59.82309897860027,65.06975365535247,85.0,0.9193687637955177,2931,9.982834021334858
SULTANBEYLI,62885.0,39545.0,0.479,0.274,0.062,360702,248997,0.69,0.159,Sultanbeyli,1.298,33,364,6389.622075845551,1.0,53.171583351839985,61.7128129411236,17.0,0.8615971435715906,12164,33.72312878775277
ARNAVUTKOY,50089.0,32700.0,0.385,0.295,0.078,336062,228614,0.68,0.143,Arnavutköy,0.811,35,709,7158.021169502346,0.9844851904090268,70.40873520270115,69.71651648451413,147.0,1.0099290491420463,7401,22.02272199772661
